{
	"name": "jquery.mb.CSSAnimate",
	"title": "jQuery mb.CSSAnimate",
	"description": "Animate any DOM element using CSS3",
	"keywords": [
		"CSS3",
		"effects",
		"animation",
		"ui"
	],
	"version": "1.6.5",
	"author": {
		"name": "Pupunzi (Matteo Bicocchi)",
		"email": "matteo@open-lab.com",
		"url": "http://pupunzi.com"
	},
	"maintainers": [
		{
			"name": "Pupunzi (Matteo Bicocchi)",
			"email": "matteo@open-lab.com",
			"url": "http://pupunzi.open-lab.com"
		}
	],
	"licenses": [
		{
			"type": "MIT",
			"url": "https://github.com/pupunzi/jquery.mb.CSSAnimate/blob/master/licenses/GPL-LICENSE.txt"
		},
		{
			"type": "GPL",
			"url": "https://github.com/pupunzi/jquery.mb.CSSAnimate/blob/master/licenses/GPL-LICENSE.txt"
		}
	],
	"bugs": "https://github.com/pupunzi/jquery.mb.CSSAnimate/issues",
	"homepage": "http://pupunzi.open-lab.com/2011/12/11/jquery-mb-cssanimate-use-css3-transition-to-animate-dom-elements-via-jquery/",
	"demo": "http://pupunzi.github.com/jquery.mb.CSSAnimate/demo.html",
	"docs": "https://github.com/pupunzi/jquery.mb.CSSAnimate/wiki",
	"download": "http://pupunzi.open-lab.com/2011/12/11/jquery-mb-cssanimate-use-css3-transition-to-animate-dom-elements-via-jquery/",
	"dependencies": {
		"jquery": ">=1.8"
	}
}
